{
  "standardized_structure": 3.656942129135132,
  "linguistic_homogeneity": 1.7676364183425903,
  "generic_domain_language": 1.0780034065246582,
  "repetition_patterns": 0.9075356721878052,
  "conceptual_feedback": 0.32606029510498047,
  "excessive_balance": 0.01046681497246027,
  "predictable_criticism": 0.0019771589431911707,
  "absence_personal_signals": 0.0
}