{
  "absence_personal_signals": 2.649052619934082,
  "linguistic_homogeneity": 1.7809408903121948,
  "repetition_patterns": 1.4277580976486206,
  "predictable_criticism": 1.402677297592163,
  "generic_domain_language": 1.2164685726165771,
  "conceptual_feedback": 1.1994320154190063,
  "excessive_balance": 1.0367870330810547,
  "standardized_structure": 1.0278791189193726
}