{
  "XGBoost": {
    "model_name": "XGBoost",
    "accuracy": 0.98,
    "auc_roc": 0.9967999999999999,
    "classification_report": "              precision    recall  f1-score   support\n\n       Human       0.98      0.98      0.98        50\nAI-Generated       0.98      0.98      0.98        50\n\n    accuracy                           0.98       100\n   macro avg       0.98      0.98      0.98       100\nweighted avg       0.98      0.98      0.98       100\n",
    "confusion_matrix": [
      [
        49,
        1
      ],
      [
        1,
        49
      ]
    ],
    "feature_importance": {
      "standardized_structure": 0.058627739548683167,
      "predictable_criticism": 0.005720608402043581,
      "excessive_balance": 0.02261606603860855,
      "linguistic_homogeneity": 0.1978449523448944,
      "generic_domain_language": 0.038785792887210846,
      "conceptual_feedback": 0.005205667577683926,
      "absence_personal_signals": 0.10290485620498657,
      "repetition_patterns": 0.5682944059371948
    }
  },
  "RandomForest": {
    "model_name": "RandomForest",
    "accuracy": 0.99,
    "auc_roc": 0.9992000000000001,
    "classification_report": "              precision    recall  f1-score   support\n\n       Human       1.00      0.98      0.99        50\nAI-Generated       0.98      1.00      0.99        50\n\n    accuracy                           0.99       100\n   macro avg       0.99      0.99      0.99       100\nweighted avg       0.99      0.99      0.99       100\n",
    "confusion_matrix": [
      [
        49,
        1
      ],
      [
        0,
        50
      ]
    ],
    "feature_importance": {
      "standardized_structure": 0.14976487009277892,
      "predictable_criticism": 0.018828859693408563,
      "excessive_balance": 0.08386560223347805,
      "linguistic_homogeneity": 0.20240848281927043,
      "generic_domain_language": 0.06635687435654428,
      "conceptual_feedback": 0.0307690396162727,
      "absence_personal_signals": 0.1729063999681598,
      "repetition_patterns": 0.27509987122008733
    }
  },
  "LightGBM": {
    "model_name": "LightGBM",
    "accuracy": 0.98,
    "auc_roc": 0.9964000000000001,
    "classification_report": "              precision    recall  f1-score   support\n\n       Human       0.98      0.98      0.98        50\nAI-Generated       0.98      0.98      0.98        50\n\n    accuracy                           0.98       100\n   macro avg       0.98      0.98      0.98       100\nweighted avg       0.98      0.98      0.98       100\n",
    "confusion_matrix": [
      [
        49,
        1
      ],
      [
        1,
        49
      ]
    ],
    "feature_importance": {
      "standardized_structure": 132,
      "predictable_criticism": 34,
      "excessive_balance": 109,
      "linguistic_homogeneity": 120,
      "generic_domain_language": 150,
      "conceptual_feedback": 16,
      "absence_personal_signals": 148,
      "repetition_patterns": 138
    }
  },
  "LogisticRegression": {
    "model_name": "LogisticRegression",
    "accuracy": 0.98,
    "auc_roc": 0.9856,
    "classification_report": "              precision    recall  f1-score   support\n\n       Human       0.98      0.98      0.98        50\nAI-Generated       0.98      0.98      0.98        50\n\n    accuracy                           0.98       100\n   macro avg       0.98      0.98      0.98       100\nweighted avg       0.98      0.98      0.98       100\n",
    "confusion_matrix": [
      [
        49,
        1
      ],
      [
        1,
        49
      ]
    ],
    "feature_importance": {
      "standardized_structure": 8.997357845787748,
      "predictable_criticism": 0.3252108198301174,
      "excessive_balance": 0.39466877065725076,
      "linguistic_homogeneity": 5.51306905958039,
      "generic_domain_language": 7.22861262225759,
      "conceptual_feedback": 3.2285282866339764,
      "absence_personal_signals": 7.640539511385523,
      "repetition_patterns": 1.1827125614673117
    }
  }
}